Id,Predicted
0,orchard
1,grass
2,orchard
3,farm
4,orchard
5,farm
6,forest
7,orchard
8,grass
9,farm
10,orchard
11,orchard
12,forest
13,orchard
14,forest
15,farm
16,orchard
17,forest
18,orchard
19,forest
20,orchard
21,orchard
22,orchard
23,water
24,water
25,impervious
26,water
27,farm
28,water
29,water
30,water
31,water
32,water
33,grass
34,water
35,water
36,water
37,water
38,water
39,impervious
40,water
41,water
42,impervious
43,water
44,water
45,forest
46,water
47,impervious
48,water
49,water
50,impervious
51,water
52,water
53,water
54,water
55,water
56,water
57,water
58,water
59,water
60,water
61,farm
62,water
63,water
64,water
65,water
66,water
67,water
68,water
69,water
70,water
71,water
72,water
73,water
74,water
75,farm
76,water
77,farm
78,farm
79,water
80,water
81,water
82,impervious
83,water
84,water
85,water
86,water
87,water
88,water
89,water
90,impervious
91,water
92,water
93,water
94,impervious
95,water
96,water
97,water
98,water
99,water
100,water
101,water
102,impervious
103,water
104,water
105,impervious
106,water
107,water
108,water
109,impervious
110,water
111,water
112,water
113,water
114,impervious
115,water
116,water
117,water
118,water
119,farm
120,orchard
121,water
122,water
123,farm
124,grass
125,grass
126,grass
127,impervious
128,forest
129,grass
130,water
131,grass
132,grass
133,water
134,grass
135,grass
136,grass
137,orchard
138,grass
139,water
140,orchard
141,grass
142,water
143,grass
144,grass
145,grass
146,water
147,grass
148,grass
149,farm
150,farm
151,farm
152,impervious
153,grass
154,impervious
155,water
156,impervious
157,orchard
158,grass
159,orchard
160,farm
161,grass
162,grass
163,forest
164,forest
165,orchard
166,grass
167,grass
168,grass
169,impervious
170,grass
171,water
172,forest
173,orchard
174,grass
175,grass
176,farm
177,grass
178,farm
179,water
180,grass
181,grass
182,grass
183,impervious
184,impervious
185,grass
186,impervious
187,grass
188,grass
189,grass
190,orchard
191,farm
192,orchard
193,water
194,impervious
195,grass
196,forest
197,water
198,grass
199,grass
200,grass
201,grass
202,forest
203,grass
204,forest
205,water
206,water
207,grass
208,farm
209,grass
210,impervious
211,grass
212,impervious
213,farm
214,water
215,grass
216,impervious
217,farm
218,farm
219,grass
220,grass
221,orchard
222,grass
223,impervious
224,grass
225,grass
226,grass
227,orchard
228,grass
229,grass
230,grass
231,impervious
232,grass
233,farm
234,grass
235,grass
236,forest
237,water
238,grass
239,impervious
240,grass
241,impervious
242,water
243,grass
244,forest
245,grass
246,farm
247,orchard
248,grass
249,grass
250,grass
251,impervious
252,grass
253,grass
254,water
255,impervious
256,grass
257,grass
258,forest
259,impervious
260,grass
261,grass
262,forest
263,grass
264,impervious
265,grass
266,grass
267,grass
268,grass
269,grass
270,grass
271,impervious
272,grass
273,impervious
274,farm
275,impervious
276,orchard
277,grass
278,grass
279,grass
280,grass
281,farm
282,orchard
283,grass
284,water
285,forest
286,grass
287,orchard
288,grass
289,grass
290,grass
291,grass
292,grass
293,grass
294,orchard
295,grass
296,forest
297,forest
298,impervious
299,grass
300,grass
301,farm
302,grass
303,grass
304,water
305,grass
306,orchard
307,grass
308,impervious
309,forest
310,grass
311,forest
312,grass
313,grass
314,orchard
315,grass
316,grass
317,impervious
318,farm
319,impervious
320,grass
321,grass
322,grass
323,impervious
324,grass
325,grass
326,grass
327,grass
328,grass
329,farm
330,grass
331,impervious
332,grass
333,grass
334,impervious
335,impervious
336,grass
337,impervious
338,forest
339,grass
340,grass
341,grass
342,grass
343,grass
344,grass
345,grass
346,forest
347,grass
348,impervious
349,grass
350,grass
351,grass
352,impervious
353,grass
354,grass
355,grass
356,farm
357,grass
358,grass
359,impervious
360,grass
361,grass
362,grass
363,orchard
364,forest
365,orchard
366,grass
367,farm
368,grass
369,farm
370,water
371,orchard
372,grass
373,impervious
374,impervious
375,impervious
376,water
377,impervious
378,impervious
379,water
380,grass
381,impervious
382,water
383,impervious
384,impervious
385,impervious
386,water
387,impervious
388,impervious
389,water
390,water
391,impervious
392,farm
393,impervious
394,impervious
395,impervious
396,impervious
397,water
398,impervious
399,impervious
400,impervious
401,water
402,impervious
403,impervious
404,impervious
405,impervious
406,impervious
407,impervious
408,impervious
409,orchard
410,impervious
411,impervious
412,water
413,impervious
414,water
415,impervious
416,impervious
417,farm
418,water
419,impervious
420,water
421,water
422,grass
423,water
424,impervious
425,impervious
426,forest
427,impervious
428,impervious
429,impervious
430,forest
431,impervious
432,water
433,impervious
434,impervious
435,impervious
436,impervious
437,impervious
438,impervious
439,impervious
440,water
441,impervious
442,impervious
443,grass
444,water
445,water
446,impervious
447,orchard
448,impervious
449,impervious
450,water
451,grass
452,impervious
453,impervious
454,impervious
455,impervious
456,impervious
457,impervious
458,impervious
459,impervious
460,impervious
461,impervious
462,grass
463,impervious
464,water
465,impervious
466,water
467,impervious
468,impervious
469,impervious
470,impervious
471,impervious
472,impervious
473,impervious
474,forest
475,impervious
476,farm
477,water
478,impervious
479,grass
480,impervious
481,impervious
482,water
483,impervious
484,impervious
485,impervious
486,water
487,impervious
488,water
489,forest
490,water
491,water
492,impervious
493,impervious
494,water
495,impervious
496,impervious
497,impervious
498,water
499,impervious
500,water
501,impervious
502,forest
503,impervious
504,impervious
505,impervious
506,grass
507,impervious
508,impervious
509,impervious
510,impervious
511,impervious
512,impervious
513,orchard
514,impervious
515,water
516,impervious
517,water
518,impervious
519,impervious
520,water
521,impervious
522,water
523,impervious
524,impervious
525,water
526,impervious
527,water
528,water
529,impervious
530,water
531,water
532,impervious
533,water
534,impervious
535,impervious
536,impervious
537,impervious
538,water
539,impervious
540,water
541,impervious
542,impervious
543,impervious
544,impervious
545,impervious
546,water
547,impervious
548,impervious
549,impervious
550,impervious
551,impervious
552,grass
553,impervious
554,impervious
555,forest
556,impervious
557,grass
558,impervious
559,water
560,impervious
561,impervious
562,impervious
563,impervious
564,impervious
565,water
566,impervious
567,impervious
568,impervious
569,impervious
570,grass
571,impervious
572,water
573,impervious
574,impervious
575,impervious
576,impervious
577,impervious
578,impervious
579,water
580,impervious
581,water
582,impervious
583,impervious
584,water
585,impervious
586,impervious
587,water
588,impervious
589,water
590,orchard
591,water
592,water
593,impervious
594,impervious
595,impervious
596,water
597,impervious
598,water
599,farm
600,impervious
601,water
602,impervious
603,water
604,impervious
605,impervious
606,impervious
607,impervious
608,water
609,impervious
610,impervious
611,grass
612,impervious
613,impervious
614,impervious
615,impervious
616,water
617,water
618,impervious
619,impervious
620,impervious
621,impervious
622,water
623,impervious
624,water
625,impervious
626,water
627,impervious
628,impervious
629,impervious
630,water
631,impervious
632,impervious
633,water
634,impervious
635,forest
636,farm
637,water
638,impervious
639,impervious
640,farm
641,impervious
642,forest
643,impervious
644,orchard
645,impervious
646,impervious
647,water
648,impervious
649,impervious
650,impervious
651,orchard
652,impervious
653,grass
654,forest
655,water
656,water
657,impervious
658,water
659,forest
660,impervious
661,forest
662,impervious
663,impervious
664,impervious
665,impervious
666,impervious
667,impervious
668,forest
669,impervious
670,water
671,impervious
672,impervious
673,impervious
674,impervious
675,orchard
676,impervious
677,water
678,farm
679,forest
680,forest
681,forest
682,farm
683,farm
684,water
685,farm
686,grass
687,forest
688,farm
689,farm
690,farm
691,grass
692,farm
693,farm
694,farm
695,impervious
696,water
697,forest
698,forest
699,farm
700,farm
701,water
702,farm
703,grass
704,farm
705,forest
706,farm
707,farm
708,farm
709,grass
710,forest
711,farm
712,grass
713,farm
714,orchard
715,farm
716,farm
717,water
718,farm
719,farm
720,farm
721,water
722,farm
723,farm
724,farm
725,farm
726,farm
727,farm
728,forest
729,farm
730,farm
731,orchard
732,farm
733,farm
734,forest
735,farm
736,farm
737,impervious
738,forest
739,grass
740,farm
741,farm
742,forest
743,farm
744,farm
745,farm
746,grass
747,farm
748,farm
749,farm
750,farm
751,farm
752,water
753,farm
754,grass
755,orchard
756,farm
757,orchard
758,farm
759,farm
760,orchard
761,farm
762,farm
763,farm
764,grass
765,farm
766,orchard
767,farm
768,farm
769,farm
770,farm
771,farm
772,farm
773,farm
774,grass
775,farm
776,farm
777,farm
778,water
779,water
780,forest
781,water
782,water
783,farm
784,farm
785,farm
786,forest
787,farm
788,water
789,farm
790,farm
791,farm
792,farm
793,farm
794,farm
795,orchard
796,farm
797,orchard
798,farm
799,impervious
800,farm
801,forest
802,grass
803,farm
804,farm
805,farm
806,grass
807,farm
808,farm
809,farm
810,farm
811,farm
812,impervious
813,farm
814,forest
815,orchard
816,farm
817,grass
818,farm
819,farm
820,water
821,farm
822,farm
823,forest
824,forest
825,orchard
826,forest
827,farm
828,farm
829,farm
830,farm
831,forest
832,grass
833,water
834,farm
835,farm
836,impervious
837,farm
838,forest
839,farm
840,water
841,farm
842,farm
843,farm
844,forest
845,grass
846,farm
847,water
848,farm
849,grass
850,farm
851,impervious
852,water
853,orchard
854,farm
855,grass
856,farm
857,farm
858,water
859,forest
860,farm
861,forest
862,forest
863,farm
864,farm
865,farm
866,farm
867,farm
868,farm
869,water
870,farm
871,farm
872,farm
873,farm
874,farm
875,farm
876,farm
877,orchard
878,forest
879,farm
880,farm
881,farm
882,farm
883,farm
884,impervious
885,farm
886,farm
887,farm
888,farm
889,farm
890,water
891,farm
892,forest
893,orchard
894,farm
895,farm
896,farm
897,forest
898,farm
899,farm
900,water
901,farm
902,forest
903,farm
904,farm
905,farm
906,farm
907,farm
908,farm
909,impervious
910,farm
911,water
912,farm
913,farm
914,grass
915,farm
916,water
917,impervious
918,impervious
919,farm
920,impervious
921,orchard
922,grass
923,grass
924,farm
925,orchard
926,farm
927,forest
928,forest
929,forest
930,water
931,forest
932,farm
933,farm
934,impervious
935,farm
936,forest
937,grass
938,farm
939,farm
940,farm
941,water
942,farm
943,grass
944,farm
945,orchard
946,farm
947,farm
948,farm
949,forest
950,farm
951,farm
952,farm
953,farm
954,impervious
955,orchard
956,forest
957,farm
958,farm
959,orchard
960,farm
961,water
962,farm
963,farm
964,forest
965,farm
966,forest
967,farm
968,forest
969,impervious
970,grass
971,farm
972,forest
973,farm
974,forest
975,impervious
976,grass
977,grass
978,impervious
979,water
980,farm
981,forest
982,farm
983,farm
984,orchard
985,farm
986,farm
987,farm
988,farm
989,farm
990,grass
991,farm
992,orchard
993,impervious
994,farm
995,farm
996,water
997,impervious
998,impervious
999,forest
1000,grass
1001,orchard
1002,water
1003,farm
1004,grass
1005,impervious
1006,farm
1007,farm
1008,forest
1009,grass
1010,farm
1011,farm
1012,water
1013,farm
1014,impervious
1015,impervious
1016,farm
1017,farm
1018,farm
1019,farm
1020,farm
1021,water
1022,grass
1023,farm
1024,farm
1025,impervious
1026,grass
1027,forest
1028,farm
1029,forest
1030,farm
1031,impervious
1032,orchard
1033,farm
1034,farm
1035,farm
1036,farm
1037,forest
1038,farm
1039,farm
1040,impervious
1041,farm
1042,grass
1043,farm
1044,farm
1045,forest
1046,farm
1047,impervious
1048,farm
1049,farm
1050,grass
1051,forest
1052,forest
1053,water
1054,farm
1055,grass
1056,impervious
1057,farm
1058,farm
1059,farm
1060,water
1061,water
1062,forest
1063,farm
1064,grass
1065,water
1066,farm
1067,farm
1068,farm
1069,farm
1070,impervious
1071,orchard
1072,farm
1073,forest
1074,farm
1075,impervious
1076,impervious
1077,farm
1078,farm
1079,water
1080,farm
1081,farm
1082,farm
1083,farm
1084,farm
1085,farm
1086,water
1087,farm
1088,farm
1089,farm
1090,grass
1091,water
1092,farm
1093,farm
1094,farm
1095,farm
1096,farm
1097,farm
1098,impervious
1099,farm
1100,farm
1101,forest
1102,water
1103,impervious
1104,forest
1105,grass
1106,water
1107,impervious
1108,farm
1109,farm
1110,farm
1111,orchard
1112,farm
1113,farm
1114,orchard
1115,farm
1116,farm
1117,forest
1118,farm
1119,water
1120,farm
1121,farm
1122,impervious
1123,orchard
1124,farm
1125,orchard
1126,farm
1127,orchard
1128,orchard
1129,farm
1130,forest
1131,forest
1132,farm
1133,farm
1134,farm
1135,farm
1136,impervious
1137,farm
1138,forest
1139,farm
1140,water
1141,farm
1142,farm
1143,farm
1144,farm
1145,water
1146,grass
1147,farm
1148,impervious
1149,farm
1150,impervious
1151,farm
1152,orchard
1153,farm
1154,farm
1155,forest
1156,farm
1157,farm
1158,farm
1159,forest
1160,grass
1161,farm
1162,orchard
1163,forest
1164,farm
1165,farm
1166,farm
1167,farm
1168,forest
1169,farm
1170,grass
1171,water
1172,forest
1173,farm
1174,farm
1175,farm
1176,farm
1177,grass
1178,forest
1179,forest
1180,farm
1181,farm
1182,farm
1183,farm
1184,impervious
1185,farm
1186,forest
1187,forest
1188,farm
1189,farm
1190,grass
1191,farm
1192,farm
1193,farm
1194,forest
1195,farm
1196,farm
1197,impervious
1198,forest
1199,forest
1200,orchard
1201,orchard
1202,forest
1203,grass
1204,forest
1205,farm
1206,farm
1207,farm
1208,farm
1209,farm
1210,farm
1211,orchard
1212,farm
1213,farm
1214,farm
1215,farm
1216,farm
1217,impervious
1218,orchard
1219,grass
1220,grass
1221,orchard
1222,farm
1223,farm
1224,farm
1225,farm
1226,farm
1227,farm
1228,farm
1229,forest
1230,farm
1231,farm
1232,grass
1233,farm
1234,farm
1235,farm
1236,water
1237,farm
1238,farm
1239,farm
1240,forest
1241,farm
1242,farm
1243,water
1244,farm
1245,farm
1246,farm
1247,farm
1248,grass
1249,farm
1250,impervious
1251,farm
1252,farm
1253,farm
1254,farm
1255,forest
1256,forest
1257,farm
1258,forest
1259,farm
1260,farm
1261,farm
1262,orchard
1263,farm
1264,orchard
1265,grass
1266,water
1267,impervious
1268,farm
1269,farm
1270,farm
1271,farm
1272,farm
1273,forest
1274,orchard
1275,forest
1276,orchard
1277,grass
1278,orchard
1279,farm
1280,forest
1281,grass
1282,grass
1283,water
1284,forest
1285,grass
1286,grass
1287,grass
1288,orchard
1289,grass
1290,orchard
1291,grass
1292,forest
1293,orchard
1294,forest
1295,grass
1296,orchard
1297,farm
1298,water
1299,orchard
1300,farm
1301,farm
1302,orchard
1303,impervious
1304,grass
1305,orchard
1306,forest
1307,forest
1308,impervious
1309,grass
1310,grass
1311,farm
1312,orchard
1313,orchard
1314,forest
1315,orchard
1316,grass
1317,forest
1318,forest
1319,forest
1320,farm
1321,forest
1322,forest
1323,forest
1324,grass
1325,forest
1326,farm
1327,forest
1328,forest
1329,forest
1330,water
1331,orchard
1332,grass
1333,grass
1334,forest
1335,forest
1336,forest
1337,orchard
1338,forest
1339,impervious
1340,grass
1341,orchard
1342,grass
1343,orchard
1344,grass
1345,orchard
1346,forest
1347,grass
1348,forest
1349,forest
1350,forest
1351,orchard
1352,forest
1353,orchard
1354,forest
1355,grass
1356,forest
1357,forest
1358,forest
1359,grass
1360,forest
1361,forest
1362,orchard
1363,forest
1364,forest
1365,forest
1366,grass
1367,impervious
1368,forest
1369,water
1370,orchard
1371,forest
1372,farm
1373,orchard
1374,water
1375,grass
1376,orchard
1377,forest
1378,grass
1379,orchard
1380,orchard
1381,orchard
1382,forest
1383,forest
1384,forest
1385,farm
1386,water
1387,grass
1388,orchard
1389,forest
1390,grass
1391,grass
1392,orchard
1393,grass
1394,grass
1395,forest
1396,orchard
1397,farm
1398,orchard
1399,grass
1400,orchard
1401,grass
1402,forest
1403,forest
1404,orchard
1405,grass
1406,forest
1407,forest
1408,forest
1409,forest
1410,orchard
1411,farm
1412,grass
1413,farm
1414,farm
1415,forest
1416,forest
1417,farm
1418,forest
1419,orchard
1420,forest
1421,forest
1422,grass
1423,grass
1424,farm
1425,forest
1426,orchard
1427,forest
1428,forest
1429,forest
1430,farm
1431,orchard
1432,grass
1433,forest
1434,orchard
1435,forest
1436,farm
1437,forest
1438,forest
1439,orchard
1440,forest
1441,forest
1442,forest
1443,orchard
1444,orchard
1445,farm
1446,forest
1447,farm
1448,forest
1449,grass
1450,orchard
1451,orchard
1452,grass
1453,orchard
1454,forest
1455,forest
1456,forest
1457,farm
1458,orchard
1459,orchard
1460,forest
1461,farm
1462,orchard
1463,forest
1464,grass
1465,water
1466,orchard
1467,orchard
1468,grass
1469,forest
1470,farm
1471,forest
1472,forest
1473,grass
1474,forest
1475,impervious
1476,orchard
1477,farm
1478,grass
1479,impervious
1480,forest
1481,orchard
1482,forest
1483,orchard
1484,forest
1485,forest
1486,forest
1487,impervious
1488,grass
1489,orchard
1490,forest
1491,forest
1492,grass
1493,forest
1494,forest
1495,forest
1496,grass
1497,grass
1498,forest
1499,forest
1500,farm
1501,grass
1502,orchard
1503,forest
1504,forest
1505,farm
1506,grass
1507,impervious
1508,farm
1509,orchard
1510,impervious
1511,grass
1512,forest
1513,impervious
1514,grass
1515,forest
1516,grass
1517,farm
1518,grass
1519,farm
1520,orchard
1521,grass
1522,orchard
1523,farm
1524,grass
1525,orchard
1526,orchard
1527,orchard
1528,impervious
1529,orchard
1530,forest
1531,orchard
1532,farm
1533,forest
1534,grass
1535,forest
1536,orchard
1537,impervious
1538,forest
1539,forest
1540,forest
1541,forest
1542,farm
1543,orchard
1544,farm
1545,grass
1546,grass
1547,forest
1548,farm
1549,forest
1550,forest
1551,farm
1552,farm
1553,forest
1554,grass
1555,orchard
1556,orchard
1557,grass
1558,farm
1559,farm
1560,orchard
1561,grass
1562,forest
1563,grass
1564,orchard
1565,forest
1566,forest
1567,grass
1568,forest
1569,orchard
1570,grass
1571,grass
1572,orchard
1573,grass
1574,grass
1575,orchard
1576,grass
1577,forest
1578,orchard
1579,orchard
1580,farm
1581,farm
1582,orchard
1583,orchard
1584,orchard
1585,forest
1586,grass
1587,orchard
1588,orchard
1589,orchard
1590,forest
1591,orchard
1592,farm
1593,water
1594,forest
1595,farm
1596,orchard
1597,grass
1598,farm
1599,farm
1600,orchard
1601,orchard
1602,orchard
1603,grass
1604,grass
1605,forest
1606,grass
1607,forest
1608,forest
1609,farm
1610,orchard
1611,forest
1612,forest
1613,forest
1614,grass
1615,grass
1616,forest
1617,forest
1618,grass
1619,orchard
1620,grass
1621,grass
1622,forest
1623,orchard
1624,forest
1625,orchard
1626,orchard
1627,farm
1628,farm
1629,farm
1630,forest
1631,farm
1632,orchard
1633,orchard
1634,forest
1635,orchard
1636,forest
1637,grass
1638,forest
1639,orchard
1640,grass
1641,forest
1642,orchard
1643,grass
1644,grass
1645,grass
1646,forest
1647,grass
1648,orchard
1649,orchard
1650,forest
1651,orchard
1652,grass
1653,orchard
1654,orchard
1655,grass
1656,orchard
1657,forest
1658,farm
1659,orchard
1660,forest
1661,grass
1662,orchard
1663,orchard
1664,grass
1665,forest
1666,orchard
1667,forest
1668,forest
1669,forest
1670,orchard
1671,orchard
1672,forest
1673,grass
1674,forest
1675,forest
1676,grass
1677,orchard
1678,forest
1679,forest
1680,forest
1681,forest
1682,forest
1683,forest
1684,forest
1685,forest
1686,orchard
1687,forest
1688,forest
1689,grass
1690,forest
1691,forest
1692,forest
1693,orchard
1694,forest
1695,orchard
1696,forest
1697,grass
1698,grass
1699,grass
1700,grass
1701,farm
1702,grass
1703,farm
1704,orchard
1705,orchard
1706,orchard
1707,farm
1708,forest
1709,farm
1710,grass
1711,grass
1712,orchard
1713,forest
1714,forest
1715,orchard
1716,forest
1717,forest
1718,impervious
1719,forest
1720,orchard
1721,forest
1722,water
1723,orchard
1724,farm
1725,forest
1726,forest
1727,orchard
1728,farm
1729,orchard
1730,orchard
1731,forest
1732,impervious
1733,grass
1734,orchard
1735,forest
1736,orchard
1737,orchard
1738,forest
1739,forest
1740,forest
1741,forest
1742,orchard
1743,farm
1744,grass
1745,forest
1746,forest
1747,forest
1748,forest
1749,forest
1750,farm
1751,water
1752,forest
1753,water
1754,orchard
1755,forest
1756,farm
1757,forest
1758,orchard
1759,grass
1760,orchard
1761,orchard
1762,grass
1763,forest
1764,forest
1765,grass
1766,orchard
1767,orchard
1768,orchard
1769,orchard
1770,orchard
1771,orchard
1772,farm
1773,grass
1774,orchard
1775,orchard
1776,orchard
1777,orchard
1778,farm
1779,forest
1780,grass
1781,grass
1782,orchard
1783,farm
1784,orchard
1785,grass
1786,forest
1787,orchard
1788,grass
1789,grass
1790,orchard
1791,farm
1792,water
1793,orchard
1794,orchard
1795,forest
1796,orchard
1797,grass
1798,grass
1799,forest
1800,farm
1801,orchard
1802,grass
1803,orchard
1804,forest
1805,farm
1806,orchard
1807,orchard
1808,forest
1809,forest
1810,farm
1811,orchard
1812,orchard
1813,forest
1814,forest
1815,grass
1816,grass
1817,orchard
1818,forest
1819,grass
1820,orchard
1821,orchard
1822,orchard
1823,orchard
1824,orchard
1825,farm
1826,orchard
1827,forest
1828,forest
1829,orchard
1830,farm
1831,orchard
1832,orchard
1833,orchard
1834,orchard
1835,water
1836,orchard
1837,orchard
1838,farm
1839,forest
1840,grass
1841,forest
1842,forest
1843,forest
1844,orchard
1845,orchard
1846,orchard
1847,orchard
1848,orchard
1849,orchard
1850,impervious
1851,forest
1852,farm
1853,grass
1854,forest
1855,orchard
1856,forest
1857,orchard
1858,farm
1859,forest
1860,forest
1861,farm
1862,orchard
1863,forest
1864,orchard
1865,orchard
1866,farm
1867,orchard
1868,grass
1869,forest
1870,orchard
1871,forest
1872,grass
1873,orchard
1874,farm
1875,forest
1876,farm
1877,orchard
1878,orchard
1879,forest
1880,orchard
1881,farm
1882,forest
1883,forest
1884,forest
1885,grass
1886,orchard
1887,forest
1888,orchard
1889,forest
1890,grass
1891,forest
1892,orchard
1893,orchard
1894,forest
1895,forest
1896,orchard
1897,orchard
1898,farm
1899,forest
1900,farm
1901,forest
1902,forest
1903,orchard
1904,orchard
1905,forest
1906,farm
1907,farm
1908,forest
1909,orchard
1910,forest
1911,forest
1912,forest
1913,orchard
1914,farm
1915,forest
1916,forest
1917,grass
1918,forest
1919,orchard
1920,forest
1921,grass
1922,forest
1923,orchard
1924,grass
1925,forest
1926,forest
1927,forest
1928,farm
1929,water
1930,forest
1931,forest
1932,impervious
1933,forest
1934,grass
1935,grass
1936,farm
1937,forest
1938,grass
1939,orchard
1940,forest
1941,grass
1942,grass
1943,orchard
1944,orchard
1945,orchard
1946,grass
1947,forest
1948,impervious
1949,farm
1950,forest
1951,orchard
1952,forest
1953,forest
1954,orchard
1955,orchard
1956,forest
1957,forest
1958,orchard
1959,farm
1960,grass
1961,forest
1962,forest
1963,orchard
1964,grass
1965,orchard
1966,orchard
1967,grass
1968,grass
1969,forest
1970,forest
1971,forest
1972,forest
1973,forest
1974,forest
1975,forest
1976,farm
1977,forest
1978,grass
1979,forest
1980,orchard
1981,forest
1982,impervious
1983,grass
1984,grass
1985,water
1986,orchard
1987,forest
1988,farm
1989,forest
1990,forest
1991,grass
1992,farm
1993,forest
1994,grass
1995,farm
1996,forest
1997,forest
1998,forest
1999,forest
2000,forest
2001,grass
2002,grass
2003,forest
2004,orchard
2005,forest
2006,grass
2007,forest
2008,forest
2009,orchard
2010,farm
2011,orchard
2012,orchard
2013,forest
2014,orchard
2015,orchard
2016,grass
2017,grass
2018,farm
2019,forest
2020,forest
2021,forest
2022,forest
2023,grass
2024,forest
2025,farm
2026,orchard
2027,forest
2028,forest
2029,forest
2030,forest
2031,forest
2032,farm
2033,grass
2034,orchard
2035,forest
2036,forest
2037,forest
2038,orchard
2039,forest
2040,orchard
2041,forest
2042,farm
2043,farm
2044,forest
2045,forest
2046,grass
2047,orchard
2048,orchard
2049,grass
2050,grass
2051,grass
2052,forest
2053,impervious
2054,forest
2055,orchard
2056,grass
2057,forest
2058,grass
2059,orchard
2060,impervious
2061,grass
2062,forest
2063,forest
2064,orchard
2065,forest
2066,grass
2067,orchard
2068,orchard
2069,orchard
2070,forest
2071,forest
2072,orchard
2073,grass
2074,forest
2075,orchard
2076,grass
2077,forest
2078,forest
2079,orchard
2080,forest
2081,water
2082,forest
2083,grass
2084,forest
2085,orchard
2086,forest
2087,forest
2088,farm
2089,forest
2090,forest
2091,impervious
2092,orchard
2093,grass
2094,forest
2095,orchard
2096,forest
2097,forest
2098,grass
2099,grass
2100,orchard
2101,orchard
2102,grass
2103,grass
2104,grass
2105,orchard
2106,impervious
2107,grass
2108,impervious
2109,grass
2110,forest
2111,forest
2112,forest
2113,orchard
2114,grass
2115,orchard
2116,orchard
2117,forest
2118,orchard
2119,forest
2120,farm
2121,impervious
2122,forest
2123,forest
2124,forest
2125,forest
2126,orchard
2127,grass
2128,forest
2129,orchard
2130,forest
2131,forest
2132,forest
2133,orchard
2134,orchard
2135,forest
2136,orchard
2137,forest
2138,forest
2139,farm
2140,forest
2141,forest
2142,forest
2143,forest
2144,orchard
2145,grass
2146,forest
2147,grass
2148,orchard
2149,forest
2150,orchard
2151,forest
2152,orchard
2153,forest
2154,forest
2155,farm
2156,grass
2157,forest
2158,forest
2159,orchard
2160,orchard
2161,orchard
2162,orchard
2163,forest
2164,grass
2165,farm
2166,orchard
2167,orchard
2168,forest
2169,forest
2170,forest
2171,forest
2172,orchard
2173,grass
2174,orchard
2175,forest
2176,orchard
2177,water
2178,forest
2179,grass
2180,impervious
2181,grass
2182,orchard
2183,orchard
2184,grass
2185,impervious
2186,grass
2187,orchard
2188,forest
2189,grass
2190,orchard
2191,forest
2192,grass
2193,forest
2194,forest
2195,orchard
2196,forest
2197,orchard
2198,orchard
2199,grass
2200,forest
2201,orchard
2202,orchard
2203,forest
2204,orchard
2205,forest
2206,farm
2207,orchard
2208,forest
2209,forest
2210,grass
2211,farm
2212,orchard
2213,orchard
2214,orchard
2215,grass
2216,grass
2217,forest
2218,forest
2219,grass
2220,orchard
2221,grass
2222,orchard
2223,farm
2224,forest
2225,farm
2226,orchard
2227,orchard
2228,grass
2229,forest
2230,forest
2231,orchard
2232,grass
2233,orchard
2234,orchard
2235,orchard
2236,forest
2237,impervious
2238,grass
2239,forest
2240,forest
2241,forest
2242,forest
2243,forest
2244,forest
2245,forest
2246,forest
2247,forest
2248,grass
2249,grass
2250,grass
2251,farm
2252,farm
2253,forest
2254,grass
2255,grass
2256,orchard
2257,forest
2258,orchard
2259,orchard
2260,grass
2261,farm
2262,orchard
2263,orchard
2264,forest
2265,grass
2266,forest
2267,grass
2268,forest
2269,forest
2270,forest
2271,forest
2272,impervious
2273,orchard
2274,orchard
2275,forest
2276,orchard
2277,orchard
2278,grass
2279,orchard
2280,forest
2281,orchard
2282,farm
2283,orchard
2284,grass
2285,farm
2286,orchard
2287,farm
2288,forest
2289,farm
2290,forest
2291,forest
2292,orchard
2293,forest
2294,grass
2295,farm
2296,orchard
2297,orchard
2298,forest
2299,farm
2300,grass
2301,forest
2302,forest
2303,grass
2304,forest
2305,forest
2306,orchard
2307,forest
2308,water
2309,orchard
2310,impervious
2311,forest
2312,orchard
2313,farm
2314,orchard
2315,orchard
2316,orchard
2317,orchard
2318,grass
2319,forest
2320,orchard
2321,forest
2322,grass
2323,forest
2324,grass
2325,forest
2326,forest
2327,grass
2328,forest
2329,forest
2330,orchard
2331,forest
2332,water
2333,farm
2334,farm
2335,forest
2336,farm
2337,farm
2338,orchard
2339,farm
2340,forest
2341,forest
2342,grass
2343,grass
2344,orchard
2345,forest
2346,orchard
2347,orchard
2348,orchard
2349,orchard
2350,forest
2351,orchard
2352,forest
2353,orchard
2354,farm
2355,forest
2356,farm
2357,forest
2358,orchard
2359,forest
2360,forest
2361,forest
2362,orchard
2363,orchard
2364,farm
2365,forest
2366,forest
2367,orchard
2368,orchard
2369,orchard
2370,forest
2371,orchard
2372,forest
2373,farm
2374,forest
2375,orchard
2376,impervious
2377,orchard
2378,forest
2379,grass
2380,grass
2381,forest
2382,forest
2383,forest
2384,forest
2385,farm
2386,forest
2387,grass
2388,orchard
2389,forest
2390,farm
2391,grass
2392,forest
2393,forest
2394,orchard
2395,impervious
2396,farm
2397,forest
2398,forest
2399,orchard
2400,forest
2401,farm
2402,forest
2403,forest
2404,orchard
2405,forest
2406,grass
2407,grass
2408,forest
2409,orchard
2410,forest
2411,orchard
2412,forest
2413,grass
2414,farm
2415,forest
2416,orchard
2417,grass
2418,farm
2419,forest
2420,forest
2421,grass
2422,orchard
2423,grass
2424,forest
2425,orchard
2426,farm
2427,orchard
2428,forest
2429,orchard
2430,grass
2431,forest
2432,forest
2433,impervious
2434,forest
2435,forest
2436,forest
2437,orchard
2438,farm
2439,grass
2440,grass
2441,forest
2442,forest
2443,grass
2444,forest
2445,forest
2446,farm
2447,orchard
2448,forest
2449,orchard
2450,grass
2451,forest
2452,forest
2453,grass
2454,orchard
2455,orchard
2456,orchard
2457,grass
2458,orchard
2459,farm
2460,orchard
2461,grass
2462,forest
2463,orchard
2464,grass
2465,grass
2466,forest
2467,impervious
2468,orchard
2469,grass
2470,forest
2471,orchard
2472,orchard
2473,forest
2474,orchard
2475,orchard
2476,orchard
2477,forest
2478,forest
2479,orchard
2480,orchard
2481,orchard
2482,forest
2483,orchard
2484,farm
2485,forest
2486,impervious
2487,forest
2488,forest
2489,forest
2490,farm
2491,orchard
2492,forest
2493,grass
2494,grass
2495,orchard
2496,farm
2497,grass
2498,forest
2499,farm
2500,grass
2501,forest
2502,orchard
2503,orchard
2504,forest
2505,orchard
2506,forest
2507,forest
2508,grass
2509,grass
2510,grass
2511,orchard
2512,forest
2513,forest
2514,forest
2515,grass
2516,forest
2517,forest
2518,forest
2519,forest
2520,forest
2521,orchard
2522,impervious
2523,forest
2524,forest
2525,farm
2526,grass
2527,orchard
2528,orchard
2529,forest
2530,forest
2531,farm
2532,grass
2533,orchard
2534,forest
2535,orchard
2536,water
2537,orchard
2538,forest
2539,orchard
2540,grass
2541,forest
2542,forest
2543,forest
2544,orchard
2545,water
2546,water
2547,water
2548,water
2549,water
2550,water
2551,grass
2552,impervious
2553,water
2554,water
2555,water
2556,water
2557,water
2558,water
2559,forest
2560,grass
2561,grass
2562,grass
2563,grass
2564,grass
2565,forest
2566,forest
2567,grass
2568,orchard
2569,forest
2570,grass
2571,grass
2572,grass
2573,forest
2574,forest
2575,grass
2576,grass
2577,grass
2578,grass
2579,forest
2580,forest
2581,forest
2582,forest
2583,grass
2584,grass
2585,grass
2586,forest
2587,forest
2588,forest
2589,water
2590,forest
2591,water
2592,orchard
2593,forest
2594,orchard
2595,grass
2596,forest
2597,orchard
2598,forest
2599,water
2600,orchard
2601,forest
2602,forest
2603,orchard
2604,orchard
2605,farm
2606,farm
2607,forest
2608,grass
2609,forest
2610,grass
2611,grass
2612,forest
2613,forest
2614,forest
2615,impervious
2616,orchard
2617,forest
2618,impervious
2619,impervious
2620,impervious
2621,orchard
2622,forest
2623,grass
2624,water
2625,water
2626,impervious
2627,impervious
2628,impervious
2629,impervious
2630,impervious
2631,farm
2632,impervious
2633,impervious
2634,orchard
2635,impervious
2636,impervious
2637,water
2638,forest
2639,forest
2640,orchard
2641,impervious
2642,water
2643,impervious
2644,impervious
2645,orchard
2646,impervious
2647,water
2648,impervious
2649,forest
2650,water
2651,impervious
2652,impervious
2653,grass
2654,water
2655,grass
2656,grass
2657,farm
2658,forest
2659,impervious
2660,grass
2661,farm
2662,farm
2663,water
2664,farm
2665,impervious
2666,forest
2667,farm
2668,farm
2669,farm
2670,forest
2671,farm
2672,farm
2673,forest
2674,farm
2675,farm
2676,impervious
2677,water
2678,water
2679,orchard
2680,orchard
2681,forest
2682,orchard
2683,orchard
2684,grass
2685,farm
2686,impervious
2687,grass
2688,farm
2689,farm
2690,forest
2691,forest
2692,forest
2693,orchard
2694,orchard
2695,forest
2696,forest
2697,orchard
2698,forest
2699,farm
2700,farm
2701,forest
2702,farm
2703,farm
2704,farm
2705,farm
2706,farm
2707,farm
2708,farm
2709,farm
2710,impervious
2711,water
2712,water
2713,impervious
2714,forest
2715,farm
2716,grass
2717,grass
2718,grass
2719,grass
2720,grass
2721,grass
2722,farm
2723,grass
2724,impervious
2725,orchard
2726,orchard
2727,farm
2728,orchard
2729,forest
2730,orchard
2731,orchard
2732,forest
2733,forest
2734,orchard
2735,forest
2736,forest
2737,orchard
2738,forest
2739,orchard
2740,forest
2741,forest
2742,forest
2743,orchard
2744,forest
2745,farm
2746,forest
2747,forest
2748,forest
2749,orchard
2750,grass
2751,impervious
2752,water
2753,impervious
2754,impervious
2755,farm
2756,forest
2757,grass
2758,farm
2759,farm
2760,farm
2761,water
2762,farm
2763,farm
2764,impervious
2765,grass
2766,impervious
2767,farm
2768,impervious
2769,water
2770,impervious
2771,farm
2772,farm
2773,farm
2774,impervious
2775,orchard
2776,orchard
2777,grass
2778,grass
2779,grass
2780,grass
2781,grass
2782,grass
2783,forest
2784,grass
2785,grass
2786,forest
2787,forest
2788,grass
2789,forest
2790,forest
2791,forest
2792,grass
2793,forest
2794,forest
2795,forest
2796,grass
2797,grass
2798,forest
2799,grass
2800,grass
2801,grass
2802,grass
2803,grass
2804,grass
2805,forest
2806,forest
2807,forest
2808,grass
2809,orchard
2810,forest
2811,grass
2812,grass
2813,orchard
2814,grass
2815,forest
2816,forest
2817,grass
2818,grass
2819,forest
2820,impervious
2821,impervious
2822,grass
2823,water
2824,water
2825,water
2826,water
2827,water
2828,water
2829,water
2830,water
2831,water
2832,water
2833,water
2834,water
2835,water
2836,water
2837,impervious
2838,water
2839,water
2840,water
2841,water
2842,water
2843,water
2844,impervious
